epoch,ec_full_ap50,no_cdn_ap50
0,0.0701039829019397,0.07225770704292023
1,0.18024690505669955,0.1581422876034135
2,0.27900216027632857,0.2566566070825979
3,0.3177206156938112,0.2916237832603818
4,0.34209164217971566,0.3262486377467724
5,0.34756962629289856,0.3471014274529139
6,0.3494944038863326,0.35015067725241283
7,0.3532655001171773,0.37109952121931294
8,0.3540645519886846,0.37097371149000313
9,0.357542238696542,0.3776352468225138
10,0.36081576944305327,0.37984729503153336
11,0.36303995434982966,0.38119017819175466
12,0.36678965892239374,0.378770047426351
13,0.3673611162748987,0.3790126704757389
14,0.3697959243076749,0.3813396449824952
15,0.37214276949354574,0.3822824987707786
16,0.37352709366883313,0.38330234755273207
17,0.37473546036354277,0.38780724444813197
18,0.3760824362090513,0.39074642026520745
19,0.3828975403046436,0.39350425500359476
20,0.38520677558620203,0.3941288588880249
21,0.3870065639106405,0.3945556140675724
22,0.3906173998216999,0.39872869471376005
23,0.3940392666420634,0.3977491177518496
24,0.42099800881903876,0.42071264944809367
25,0.4467685988439867,0.44381876691944544
26,0.4685178079127796,0.46384635627226667
27,0.49147867919680854,0.48161277986357387
28,0.5008009387031706,0.496885406820088
29,0.5141969959526715,0.5090168427776592
30,0.5280651917391354,0.5182211629299598
31,0.540395940469158,0.5260926552450734
32,0.5488603610440851,0.5327988644959459
33,0.5541562134386774,0.5430998958173825
34,0.5594805991534525,0.5516099291041116
35,0.5622469736045747,0.5591083004798569
36,0.5688428534998715,0.5674090184385274
37,0.5701836787521515,0.5744060904212414
38,0.5717242788988771,0.5795746702553376
39,0.5756542852888733,0.5817280262292921
40,0.5787576694942653,0.5824195071283313
41,0.5799334095116974,0.5861962087135281
42,0.5797627220892163,0.590358337426338
43,0.5807812559426111,0.5918247855917607
44,0.5834297795990141,0.5891056616832043
45,0.5826835526079549,0.5847844349510875
46,0.584862088704898,0.5904601569556727
47,0.5822057446599515,0.59092160009897
48,0.5809626524810029,0.5921260195132587
49,0.580158460351927,0.5919158048586479
50,0.5794610548696346,0.5947464532707676
51,0.5778621568567179,0.5925541173486786
52,0.5761535369803474,0.5931809104834112
53,0.5722550721772612,0.5946372850180318
54,0.5730740466907256,0.5933696602630489
55,0.5713200254604832,0.5912247717923862
56,0.5748328901034964,0.588689536872386
57,0.573983941729316,0.5897981226584709
58,0.573236294469527,0.5886813938280585
59,0.5720786901186106,0.5845691843802971
60,0.5661748040753192,0.5863275297842997
61,0.567393404129351,0.5828888439497034
62,0.565527728650321,0.5830037268834463
63,0.5625319521935176,0.5845631040152651
64,0.5617334003065068,0.5821665439536401
65,0.5615181593733264,0.5806110233441918
66,0.5558890396041323,0.5812821434779529
67,0.5591283692024464,0.5809354537702672
68,0.5594185734146622,0.5820235985884956
69,0.5568472156922751,0.5822035060400904
70,0.5549495818247003,0.577880524469676
71,0.5549106087682478,0.5781434445297913
72,0.5532957668901837,0.5773586313483037
73,0.5529207526972582,0.5764105568207586
74,0.5538847278967713,0.5754177102014902
75,0.5478289102427021,0.5747256737125089
76,0.5490685198232658,0.5753667507125872
77,,0.5734808218551017
78,,0.5749612584987187
79,,0.5714351721190908
80,,0.5725930212465493
81,,0.5705483099704334
82,,0.568112456337687
83,,0.5676473091588661
