epoch,no-fdr_decode_ap50,no-go-ddf_ap50,no-fdr_plus_no-go-ddf_ap50
0,0.06372738829180857,0.05401344949845625,0.05001968080578006
1,0.18890976195830977,0.17461662934640562,0.1639127820606257
2,0.26608672887610046,0.2742029607611978,0.2613502563782783
3,0.32126801131713834,0.29960438005307977,0.2993827082977371
4,0.3520424388325247,0.33976159081209256,0.3091911464064266
5,0.34316707416613423,0.34178133805886063,0.3482565408895965
6,0.3596677263962097,0.350815248993454,0.35411052596768366
7,0.3717823252035128,0.35428209401227995,0.34979613911358115
8,0.377238709827315,0.3569051937342998,0.35538022807539654
9,0.3752088182115745,0.35969791309354954,0.36431780157945143
10,0.38000004307741986,0.3635490234233463,0.3694186389617887
11,0.3806436819195835,0.36579359264624733,0.3724736023200801
12,0.3827548168613795,0.36958912392536225,0.3795205367946105
13,0.3852529274622755,0.371722674192734,0.3834458216733688
14,0.38970348698356627,0.3775872097330959,0.3851107329453205
15,0.39309222147416417,0.38040652232434063,0.39013809690240336
16,0.39851161787478323,0.3835201182577609,0.3932390947344584
17,0.4011259994486808,0.3871105364971171,0.3915807415449333
18,0.40183452028491606,0.389356313530853,0.39016185667093617
19,0.4060978918890728,0.39738952687692874,0.39280169049216446
20,0.40813461305856247,0.40116980727624935,0.40028912315521625
21,0.4086052008003763,0.4013736308996151,0.40830336076505286
22,0.41274240721796474,0.40237884357353243,0.4129121324348298
23,0.41495163103147753,0.407616525430944,0.4174094091662333
24,0.44065900197788654,0.4335563292700742,0.44550662420928816
25,0.4634403318892241,0.45503891343166974,0.471144863887071
26,0.4828271892533222,0.4797371319353915,0.494865240571915
27,0.4991602196642445,0.49683799080816415,0.5066657351158895
28,0.5154252098856441,0.5070556678734217,0.5245906521916677
29,0.5269998903728935,0.5245111725617152,0.5377568513806673
30,0.5365504062783166,0.5385611039627838,0.5467854131210408
31,0.5494253522851383,0.5500125233329255,0.5562550164689489
32,0.5609029261385913,0.5545189827608752,0.561336112915595
33,0.5660606088963659,0.563487532990364,0.5708451474142039
34,0.5724974641673113,0.5679877645210674,0.5718226832677687
35,0.5775132755355663,0.5670162210916012,0.5785819740894222
36,0.5800778868117314,0.5765284912760587,0.5854024083823113
37,0.5801477190724871,0.5759196394404317,0.58603723741149
38,0.5811658970823769,0.5785479243956456,0.5884993597830193
39,0.5839765868262621,0.581887524926252,0.589759355120457
40,0.5860582952738556,0.5853984554369914,0.5886233368852037
41,0.5868704972461283,0.5879229165650759,0.5912977904425741
42,0.5874668736454723,0.5872756584679031,0.5938925537626377
43,0.5920478589835484,0.5918350453958017,0.590124649878741
44,0.5924439064709576,0.5917517224220208,0.5937797374338996
45,0.5923995386609928,0.5915025966214675,0.590325765620843
46,0.5906414446055906,0.5925590007579625,0.5903428851897617
47,0.588796788316825,0.5918465687039648,0.5951348857789528
48,0.5872158819698837,0.5938188622965744,0.592427767215991
49,0.5873064460540797,0.5927473424185122,0.589902050452779
50,0.5866806606222288,0.5943074570067811,0.5887000215973952
51,0.5851150847197065,0.5930616118082814,0.5870067806794306
52,0.5848677006937142,0.5910547652745609,0.585360761969089
53,0.5789529606789467,0.5863553706581527,0.5838174897176162
54,0.5763992328958877,0.5870720106060634,0.5809593951255474
55,0.5759972228990635,0.5843247787192514,0.5816566265131087
56,0.5756267438132144,0.5833230671994329,0.578624963342433
57,0.5745078721022826,0.5820476960028889,0.5797352358445874
58,0.5730168432911936,0.5831563898449993,0.580173845993858
59,0.5709175607749102,0.580647709068059,0.5777057631134799
60,,0.5809890125121954,0.5763710618186955
61,,0.5817174160297413,0.5722905007721494
62,,0.5803308702608734,0.5701180067665365
63,,0.5774074949968028,0.5675571967584353
64,,0.5752407492444908,0.5649222514417461
65,,0.5742047064150366,0.5659491674730579
66,,0.572827744506226,0.5669898419566328
67,,0.5698660729034013,0.5646554855848888
68,,0.5694196214896261,0.5622177419852774
69,,0.5663773389509665,0.5652317148636723
70,,0.565367440214685,0.5638630030992307
71,,0.5603764506025616,0.5621258085754547
72,,0.5596818906082891,0.5603715298418573
73,,0.5563687400653701,0.5594894911708375
74,,0.556539040159532,
75,,0.5544176765272177,
76,,0.5523130601060923,
