epoch,ec-full_ap50,no-mosaic_plus_no-mal_ap50
0,0.0701039829019397,0.13058640240672248
1,0.18024690505669955,0.28587770163838205
2,0.27900216027632857,0.3656920230466928
3,0.3177206156938112,0.41743937182391505
4,0.34209164217971566,0.44386882007258704
5,0.34756962629289856,0.466631486216564
6,0.3494944038863326,0.4730149084854026
7,0.3532655001171773,0.4800080196605504
8,0.3540645519886846,0.48745109875144843
9,0.357542238696542,0.4896347554284723
10,0.36081576944305327,0.4932444570988932
11,0.36303995434982966,0.4926741742348748
12,0.36678965892239374,0.49765452064859694
13,0.3673611162748987,0.49995570597289746
14,0.3697959243076749,0.5012418323284453
15,0.37214276949354574,0.5044641633195034
16,0.37352709366883313,0.5054510154007176
17,0.37473546036354277,0.507753062258254
18,0.3760824362090513,0.5096851810634119
19,0.3828975403046436,0.5119599808084775
20,0.38520677558620203,0.5140888354520607
21,0.3870065639106405,0.5208256747879559
22,0.3906173998216999,0.520521741964126
23,0.3940392666420634,0.5242810224442064
24,0.42099800881903876,0.5301927132311921
25,0.4467685988439867,0.5365726878171563
26,0.4685178079127796,0.542790289210865
27,0.49147867919680854,0.5473909832810879
28,0.5008009387031706,0.5509267241263869
29,0.5141969959526715,0.5538912031845248
30,0.5280651917391354,0.5571291511630957
31,0.540395940469158,0.5615437383458858
32,0.5488603610440851,0.5634683972376939
33,0.5541562134386774,0.566910404170955
34,0.5594805991534525,0.5679116635895187
35,0.5622469736045747,0.5709104349355981
36,0.5688428534998715,0.5722204706634533
37,0.5701836787521515,0.5701887240750863
38,0.5717242788988771,0.5713369751731829
39,0.5756542852888733,0.5710448954475903
40,0.5787576694942653,0.573631247056622
41,0.5799334095116974,0.5767634612810989
42,0.5797627220892163,0.5737000581156402
43,0.5807812559426111,0.57334371371358
44,0.5834297795990141,0.5746077355455332
45,0.5826835526079549,0.5773437860159797
46,0.584862088704898,0.578660949466683
47,0.5822057446599515,0.5802276418035353
48,0.5809626524810029,0.5815719253688766
49,0.580158460351927,0.58154143733541
50,0.5794610548696346,0.5821379486709065
51,0.5778621568567179,0.5858226421765299
52,0.5761535369803474,0.5850584993261921
53,0.5722550721772612,0.5829900074041467
54,0.5730740466907256,0.5818436687594957
55,0.5713200254604832,0.579414645637894
56,0.5748328901034964,0.5817481492484243
57,0.573983941729316,0.579858211677681
58,0.573236294469527,0.5790977432452121
59,0.5720786901186106,0.579980032984747
60,0.5661748040753192,0.5811621925214904
61,0.567393404129351,0.5808013366412037
62,0.565527728650321,
63,0.5625319521935176,
64,0.5617334003065068,
65,0.5615181593733264,
66,0.5558890396041323,
67,0.5591283692024464,
68,0.5594185734146622,
69,0.5568472156922751,
70,0.5549495818247003,
71,0.5549106087682478,
72,0.5532957668901837,
73,0.5529207526972582,
74,0.5538847278967713,
75,0.5478289102427021,
76,0.5490685198232658,
